{"resourceType":"ValueSet","id":"KBV-VS-Base-Deuev-Anlage-8","url":"https://fhir.kbv.de/ValueSet/KBV_VS_Base_Deuev_Anlage_8","version":"1.7.0","name":"KBV_VS_Base_Deuev_Anlage_8","title":"Land/Wohnsitzländercode","status":"active","experimental":false,"publisher":"Kassenärztliche Bundesvereinigung (KBV)","contact":[{"telecom":[{"system":"url","value":"https://kbv.de"}]}],"description":"Dieses Valueset enthält die Codes zur Beschreibung von Land/Wohnsitzländercode.","immutable":false,"copyright":"Im folgenden Profil können Codes aus den Codesystemen Snomed, Loinc oder Ucum enthalten sein, die dem folgenden Urheberrecht unterliegen: This material includes SNOMED Clinical Terms® (SNOMED CT®) which is used by permission of SNOMED International. All rights reserved. SNOMED CT®, was originally created by The College of American Pathologists. SNOMED and SNOMED CT are registered trademarks of SNOMED International. Implementers of these artefacts must have the appropriate SNOMED CT Affiliate license. This material contains content from LOINC (http://loinc.org). LOINC is copyright © 1995-2020, Regenstrief Institute, Inc. and the Logical Observation Identifiers Names and Codes (LOINC) Committee and is available at no cost under the license at http://loinc.org/license. LOINC® is a registered United States trademark of Regenstrief Institute, Inc. This product includes all or a portion of the UCUM table, UCUM codes, and UCUM definitions or is derived from it, subject to a license from Regenstrief Institute, Inc. and The UCUM Organization. Your use of the UCUM table, UCUM codes, UCUM definitions also is subject to this license, a copy of which is available at ​http://unitsofmeasure.org. The current complete UCUM table, UCUM Specification are available for download at http://unitsofmeasure.org. The UCUM table and UCUM codes are copyright © 1995-2009, Regenstrief Institute, Inc. and the Unified Codes for Units of Measures (UCUM) Organization. All rights reserved. THE UCUM TABLE (IN ALL FORMATS), UCUM DEFINITIONS, AND SPECIFICATION ARE PROVIDED \"AS IS.\" ANY EXPRESS OR IMPLIED WARRANTIES ARE DISCLAIMED, INCLUDING, BUT NOT LIMITED TO, THE IMPLIED WARRANTIES OF MERCHANTABILITY AND FITNESS FOR A PARTICULAR PURPOSE.","compose":{"include":[{"system":"http://fhir.de/CodeSystem/deuev/anlage-8-laenderkennzeichen","version":"8.00","concept":[{"code":"AFG","display":"Afghanistan"},{"code":"ET","display":"Ägypten"},{"code":"AX","display":"Åland"},{"code":"AL","display":"Albanien"},{"code":"DZ","display":"Algerien"},{"code":"AJ","display":"Amerik.-Jungferninseln"},{"code":"AS","display":"Amerikanisch-Samoa"},{"code":"AND","display":"Andorra"},{"code":"AGO","display":"Angola"},{"code":"ANG","display":"Anguilla"},{"code":"ANT","display":"Antigua und Barbuda"},{"code":"AQU","display":"Äquatorialguinea"},{"code":"RA","display":"Argentinien"},{"code":"AQ","display":"Argentinische Antarktis","designation":[{"language":"de","value":"Norwegisches Antarktis-Territorium"},{"language":"de","value":"Chilenische Antarktis"},{"language":"de","value":"Britisches Antarktis-Territorium"},{"language":"de","value":"Australisches Antarktis-Territorium"}]},{"code":"ARM","display":"Armenien"},{"code":"AW","display":"Aruba"},{"code":"HEL","display":"Ascension","designation":[{"language":"de","value":"Tristan da Cunha"},{"language":"de","value":"St. Helena"},{"language":"de","value":"St. Helena, Ascension und Tristan da Cunha"}]},{"code":"ASE","display":"Aserbaidschan"},{"code":"AU","display":"Ashmore- und Cartierinseln","designation":[{"language":"de","value":"Korallenmeerinseln"}]},{"code":"ETH","display":"Äthiopien"},{"code":"AUS","display":"Australien"},{"code":"BS","display":"Bahamas"},{"code":"BRN","display":"Bahrain"},{"code":"BD","display":"Bangladesch"},{"code":"BDS","display":"Barbados"},{"code":"BY","display":"Belarus"},{"code":"B","display":"Belgien"},{"code":"BH","display":"Belize"},{"code":"DY","display":"Benin"},{"code":"BER","display":"Bermuda"},{"code":"BHT","display":"Bhutan"},{"code":"BOL","display":"Bolivien"},{"code":"BQ","display":"Bonaire, Saba, St. Eustatius"},{"code":"BIH","display":"Bosnien und Herzegowina"},{"code":"RB","display":"Botsuana"},{"code":"BV","display":"Bouvetinsel"},{"code":"BR","display":"Brasilien"},{"code":"BJ","display":"Britische Jungferninseln"},{"code":"IO","display":"Britisches Territorium im Indischen Ozean"},{"code":"BRU","display":"Brunei Darussalam"},{"code":"BG","display":"Bulgarien"},{"code":"HV","display":"Burkina Faso"},{"code":"RU","display":"Burundi"},{"code":"RCH","display":"Chile"},{"code":"CP","display":"Clipperton"},{"code":"COI","display":"Cookinseln"},{"code":"CR","display":"Costa Rica"},{"code":"CI","display":"Cote d`Ivoire"},{"code":"CW","display":"Curaçao"},{"code":"DK","display":"Dänemark"},{"code":"D","display":"Deutschland"},{"code":"WD","display":"Dominica"},{"code":"DOM","display":"Dominikanische Republik"},{"code":"DSC","display":"Dschibuti"},{"code":"EC","display":"Ecuador"},{"code":"ES","display":"El Salvador"},{"code":"ERI","display":"Eritrea"},{"code":"EST","display":"Estland"},{"code":"SWZ","display":"Eswatini"},{"code":"FAL","display":"Falklandinseln"},{"code":"FR","display":"Färöer"},{"code":"FJI","display":"Fidschi"},{"code":"FIN","display":"Finnland"},{"code":"F","display":"Frankreich"},{"code":"TF","display":"Französische Süd- und Antarktisgebiete"},{"code":"FG","display":"Franz.-Guayana"},{"code":"FP","display":"Franz.-Polynesien"},{"code":"GAB","display":"Gabun"},{"code":"WAG","display":"Gambia"},{"code":"GEO","display":"Georgien"},{"code":"GH","display":"Ghana"},{"code":"GIB","display":"Gibraltar"},{"code":"WG","display":"Grenada"},{"code":"GR","display":"Griechenland"},{"code":"GRO","display":"Grönland"},{"code":"GUA","display":"Guadeloupe"},{"code":"GUM","display":"Guam"},{"code":"GCA","display":"Guatemala"},{"code":"GG","display":"Guernsey"},{"code":"RG","display":"Guinea"},{"code":"GUB","display":"Guinea-Bissau"},{"code":"GUY","display":"Guyana"},{"code":"RH","display":"Haiti"},{"code":"HM","display":"Heard und McDonaldinseln"},{"code":"HCA","display":"Honduras"},{"code":"HKG","display":"Hongkong"},{"code":"IND","display":"Indien"},{"code":"RI","display":"Indonesien"},{"code":"MAN","display":"Insel Man"},{"code":"IRQ","display":"Irak"},{"code":"IR","display":"Iran"},{"code":"IRL","display":"Irland"},{"code":"IS","display":"Island"},{"code":"IL","display":"Israel"},{"code":"I","display":"Italien"},{"code":"JA","display":"Jamaika"},{"code":"J","display":"Japan"},{"code":"YEM","display":"Jemen"},{"code":"JE","display":"Jersey"},{"code":"JOR","display":"Jordanien"},{"code":"YU","display":"Jugoslawien"},{"code":"KAI","display":"Kaimaninseln"},{"code":"K","display":"Kambodscha"},{"code":"CAM","display":"Kamerun"},{"code":"CDN","display":"Kanada"},{"code":"KAN","display":"Kanalinseln"},{"code":"CV","display":"Cabo Verde"},{"code":"KAS","display":"Kasachstan"},{"code":"QAT","display":"Katar"},{"code":"EAK","display":"Kenia"},{"code":"KIS","display":"Kirgisistan"},{"code":"KIB","display":"Kiribati"},{"code":"CC","display":"Kokosinseln"},{"code":"CO","display":"Kolumbien"},{"code":"KOM","display":"Komoren"},{"code":"RCB","display":"Kongo(-Brazzaville), Republik"},{"code":"ZRE","display":"Kongo, Demokratische Republik (ehem. Zaire)"},{"code":"KOR","display":"Korea, Demokratische Volksrepublik (Nordkorea)"},{"code":"ROK","display":"Korea, Republik (Südkorea)"},{"code":"KOS","display":"Kosovo"},{"code":"HR","display":"Kroatien"},{"code":"C","display":"Kuba"},{"code":"KWT","display":"Kuwait"},{"code":"LAO","display":"Laos"},{"code":"LS","display":"Lesotho"},{"code":"LV","display":"Lettland"},{"code":"RL","display":"Libanon"},{"code":"LB","display":"Liberia"},{"code":"LAR","display":"Libyen"},{"code":"FL","display":"Liechtenstein"},{"code":"LT","display":"Litauen"},{"code":"L","display":"Luxemburg"},{"code":"MAC","display":"Macau"},{"code":"RM","display":"Madagaskar"},{"code":"MW","display":"Malawi"},{"code":"MAL","display":"Malaysia"},{"code":"BIO","display":"Malediven"},{"code":"RMM","display":"Mali"},{"code":"M","display":"Malta"},{"code":"MA","display":"Marokko"},{"code":"MAR","display":"Marshallinseln"},{"code":"MAT","display":"Martinique"},{"code":"RIM","display":"Mauretanien"},{"code":"MS","display":"Mauritius"},{"code":"MAY","display":"Mayotte"},{"code":"MEX","display":"Mexiko"},{"code":"MIK","display":"Mikronesien"},{"code":"MD","display":"Moldau"},{"code":"MC","display":"Monaco"},{"code":"MON","display":"Mongolei"},{"code":"MNE","display":"Montenegro"},{"code":"MOT","display":"Montserrat"},{"code":"MOZ","display":"Mosambik"},{"code":"MYA","display":"Myanmar"},{"code":"SWA","display":"Namibia"},{"code":"NAU","display":"Nauru"},{"code":"UM","display":"Navassa","designation":[{"language":"de","value":"Kleinere Amerikanische Überseeinseln"}]},{"code":"NEP","display":"Nepal"},{"code":"NKA","display":"Neukaledonien"},{"code":"NZ","display":"Neuseeland"},{"code":"NIC","display":"Nicaragua"},{"code":"NL","display":"Niederlande"},{"code":"NLA","display":"Niederländische Antillen"},{"code":"RN","display":"Niger"},{"code":"WAN","display":"Nigeria"},{"code":"NIU","display":"Niue"},{"code":"MK","display":"Nordmazedonien"},{"code":"NMA","display":"Nördliche Marianen"},{"code":"NF","display":"Norfolkinsel"},{"code":"N","display":"Norwegen"},{"code":"MAO","display":"Oman"},{"code":"A","display":"Österreich"},{"code":"PK","display":"Pakistan"},{"code":"PSE","display":"Palästinensische Gebiete"},{"code":"PAL","display":"Palau"},{"code":"PA","display":"Panama"},{"code":"PNG","display":"Papua-Neugiunea"},{"code":"PY","display":"Paraguay"},{"code":"PIN","display":"Pazifische Inseln (Marianen- und Karolineninseln)"},{"code":"PE","display":"Peru"},{"code":"RP","display":"Philippinen"},{"code":"PIT","display":"Pitcairninseln"},{"code":"PL","display":"Polen"},{"code":"P","display":"Portugal"},{"code":"PRI","display":"Puerto Rico"},{"code":"REU","display":"Réunion"},{"code":"RWA","display":"Ruanda"},{"code":"RO","display":"Rumänien"},{"code":"RUS","display":"Russische Föderation"},{"code":"PIE","display":"Saint Pierre und Miquelon"},{"code":"SOL","display":"Salomonen"},{"code":"Z","display":"Sambia"},{"code":"WS","display":"Samoa"},{"code":"RSM","display":"San Marino"},{"code":"STP","display":"Sao Tomé und Principe"},{"code":"SAU","display":"Saudi-Arabien"},{"code":"S","display":"Schweden"},{"code":"CH","display":"Schweiz"},{"code":"SN","display":"Senegal"},{"code":"SRB","display":"Serbien"},{"code":"SCG","display":"Serbien und Montenegro"},{"code":"SY","display":"Seychellen"},{"code":"WAL","display":"Sierra Leone"},{"code":"ZW","display":"Simbabwe"},{"code":"SGP","display":"Singapur"},{"code":"SK","display":"Slowakei"},{"code":"SLO","display":"Slowenien"},{"code":"SP","display":"Somalia"},{"code":"E","display":"Spanien","designation":[{"language":"de","value":"Spanische Hoheitsplätze in Nordafrika"},{"language":"de","value":"Ceuta"},{"language":"de","value":"Melilla"}]},{"code":"CL","display":"Sri Lanka"},{"code":"BL","display":"St. Barthélemy"},{"code":"SCN","display":"St. Kitts und Nevis"},{"code":"WL","display":"St. Lucia"},{"code":"MF","display":"St. Martin (französischer Teil)"},{"code":"SX","display":"St. Martin (niederländischer Teil)"},{"code":"WV","display":"St. Vincent und die Grenadinen"},{"code":"ZA","display":"Südafrika"},{"code":"SUD","display":"Sudan"},{"code":"SDN","display":"Sudan"},{"code":"GS","display":"Südgeorgien und die südlichen Sandwichinseln"},{"code":"SSD","display":"Südsudan"},{"code":"SME","display":"Suriname"},{"code":"SD","display":"Swasiland"},{"code":"SJ","display":"Svalbard und Jan Mayen"},{"code":"SYR","display":"Syrien"},{"code":"TAD","display":"Tadschikistan"},{"code":"TWN","display":"Taiwan"},{"code":"EAT","display":"Tansania"},{"code":"T","display":"Thailand"},{"code":"TJ","display":"China","designation":[{"language":"de","value":"Tibet"}]},{"code":"OTI","display":"Timor-Leste"},{"code":"TG","display":"Togo"},{"code":"TOK","display":"Tokelau"},{"code":"TON","display":"Tonga"},{"code":"TT","display":"Trinidad und Tobago"},{"code":"CHD","display":"Tschad"},{"code":"CZ","display":"Tschechien"},{"code":"TN","display":"Tunesien"},{"code":"TR","display":"Türkei"},{"code":"TUR","display":"Turkmenistan"},{"code":"TUC","display":"Turks- und Caicosinseln"},{"code":"TUV","display":"Tuvalu"},{"code":"EAU","display":"Uganda"},{"code":"UA","display":"Ukraine"},{"code":"H","display":"Ungarn"},{"code":"ROU","display":"Uruguay"},{"code":"USB","display":"Usbekistan"},{"code":"VAN","display":"Vanuatu"},{"code":"V","display":"Vatikanstadt"},{"code":"YV","display":"Venezuela"},{"code":"UAE","display":"Vereinigte Arabische Emirate"},{"code":"USA","display":"Vereinigte Staaten"},{"code":"GB","display":"Vereinigtes Königreich","designation":[{"language":"de","value":"Akrotiri und Dhekelia"}]},{"code":"VN","display":"Vietnam"},{"code":"WF","display":"Wallis und Futuna"},{"code":"CX","display":"Weihnachtsinsel"},{"code":"EH","display":"Westsahara"},{"code":"RCA","display":"Zentralafrikanische Republik"},{"code":"CY","display":"Zypern"}]}]},"expansion":{"identifier":"899f7d22-8637-11ef-9125-005056ad1d3b","timestamp":"2024-10-09T14:10:56+02:00","total":259,"offset":0,"contains":[{"system":"http://fhir.de/CodeSystem/deuev/anlage-8-laenderkennzeichen","version":"8.00","code":"AFG","display":"Afghanistan"},{"system":"http://fhir.de/CodeSystem/deuev/anlage-8-laenderkennzeichen","version":"8.00","code":"ET","display":"Ägypten"},{"system":"http://fhir.de/CodeSystem/deuev/anlage-8-laenderkennzeichen","version":"8.00","code":"AX","display":"Åland"},{"system":"http://fhir.de/CodeSystem/deuev/anlage-8-laenderkennzeichen","version":"8.00","code":"AL","display":"Albanien"},{"system":"http://fhir.de/CodeSystem/deuev/anlage-8-laenderkennzeichen","version":"8.00","code":"DZ","display":"Algerien"},{"system":"http://fhir.de/CodeSystem/deuev/anlage-8-laenderkennzeichen","version":"8.00","code":"AJ","display":"Amerik.-Jungferninseln"},{"system":"http://fhir.de/CodeSystem/deuev/anlage-8-laenderkennzeichen","version":"8.00","code":"AS","display":"Amerikanisch-Samoa"},{"system":"http://fhir.de/CodeSystem/deuev/anlage-8-laenderkennzeichen","version":"8.00","code":"AND","display":"Andorra"},{"system":"http://fhir.de/CodeSystem/deuev/anlage-8-laenderkennzeichen","version":"8.00","code":"AGO","display":"Angola"},{"system":"http://fhir.de/CodeSystem/deuev/anlage-8-laenderkennzeichen","version":"8.00","code":"ANG","display":"Anguilla"},{"system":"http://fhir.de/CodeSystem/deuev/anlage-8-laenderkennzeichen","version":"8.00","code":"ANT","display":"Antigua und Barbuda"},{"system":"http://fhir.de/CodeSystem/deuev/anlage-8-laenderkennzeichen","version":"8.00","code":"AQU","display":"Äquatorialguinea"},{"system":"http://fhir.de/CodeSystem/deuev/anlage-8-laenderkennzeichen","version":"8.00","code":"RA","display":"Argentinien"},{"system":"http://fhir.de/CodeSystem/deuev/anlage-8-laenderkennzeichen","version":"8.00","code":"AQ","display":"Argentinische Antarktis","designation":[{"language":"de","value":"Norwegisches Antarktis-Territorium"},{"language":"de","value":"Chilenische Antarktis"},{"language":"de","value":"Britisches Antarktis-Territorium"},{"language":"de","value":"Australisches Antarktis-Territorium"}]},{"system":"http://fhir.de/CodeSystem/deuev/anlage-8-laenderkennzeichen","version":"8.00","code":"ARM","display":"Armenien"},{"system":"http://fhir.de/CodeSystem/deuev/anlage-8-laenderkennzeichen","version":"8.00","code":"AW","display":"Aruba"},{"system":"http://fhir.de/CodeSystem/deuev/anlage-8-laenderkennzeichen","version":"8.00","code":"HEL","display":"Ascension","designation":[{"language":"de","value":"Tristan da Cunha"},{"language":"de","value":"St. Helena"},{"language":"de","value":"St. Helena, Ascension und Tristan da Cunha"}]},{"system":"http://fhir.de/CodeSystem/deuev/anlage-8-laenderkennzeichen","version":"8.00","code":"ASE","display":"Aserbaidschan"},{"system":"http://fhir.de/CodeSystem/deuev/anlage-8-laenderkennzeichen","version":"8.00","code":"AU","display":"Ashmore- und Cartierinseln","designation":[{"language":"de","value":"Korallenmeerinseln"}]},{"system":"http://fhir.de/CodeSystem/deuev/anlage-8-laenderkennzeichen","version":"8.00","code":"ETH","display":"Äthiopien"},{"system":"http://fhir.de/CodeSystem/deuev/anlage-8-laenderkennzeichen","version":"8.00","code":"AUS","display":"Australien"},{"system":"http://fhir.de/CodeSystem/deuev/anlage-8-laenderkennzeichen","version":"8.00","code":"BS","display":"Bahamas"},{"system":"http://fhir.de/CodeSystem/deuev/anlage-8-laenderkennzeichen","version":"8.00","code":"BRN","display":"Bahrain"},{"system":"http://fhir.de/CodeSystem/deuev/anlage-8-laenderkennzeichen","version":"8.00","code":"BD","display":"Bangladesch"},{"system":"http://fhir.de/CodeSystem/deuev/anlage-8-laenderkennzeichen","version":"8.00","code":"BDS","display":"Barbados"},{"system":"http://fhir.de/CodeSystem/deuev/anlage-8-laenderkennzeichen","version":"8.00","code":"BY","display":"Belarus"},{"system":"http://fhir.de/CodeSystem/deuev/anlage-8-laenderkennzeichen","version":"8.00","code":"B","display":"Belgien"},{"system":"http://fhir.de/CodeSystem/deuev/anlage-8-laenderkennzeichen","version":"8.00","code":"BH","display":"Belize"},{"system":"http://fhir.de/CodeSystem/deuev/anlage-8-laenderkennzeichen","version":"8.00","code":"DY","display":"Benin"},{"system":"http://fhir.de/CodeSystem/deuev/anlage-8-laenderkennzeichen","version":"8.00","code":"BER","display":"Bermuda"},{"system":"http://fhir.de/CodeSystem/deuev/anlage-8-laenderkennzeichen","version":"8.00","code":"BHT","display":"Bhutan"},{"system":"http://fhir.de/CodeSystem/deuev/anlage-8-laenderkennzeichen","version":"8.00","code":"BOL","display":"Bolivien"},{"system":"http://fhir.de/CodeSystem/deuev/anlage-8-laenderkennzeichen","version":"8.00","code":"BQ","display":"Bonaire, Saba, St. Eustatius"},{"system":"http://fhir.de/CodeSystem/deuev/anlage-8-laenderkennzeichen","version":"8.00","code":"BIH","display":"Bosnien und Herzegowina"},{"system":"http://fhir.de/CodeSystem/deuev/anlage-8-laenderkennzeichen","version":"8.00","code":"RB","display":"Botsuana"},{"system":"http://fhir.de/CodeSystem/deuev/anlage-8-laenderkennzeichen","version":"8.00","code":"BV","display":"Bouvetinsel"},{"system":"http://fhir.de/CodeSystem/deuev/anlage-8-laenderkennzeichen","version":"8.00","code":"BR","display":"Brasilien"},{"system":"http://fhir.de/CodeSystem/deuev/anlage-8-laenderkennzeichen","version":"8.00","code":"BJ","display":"Britische Jungferninseln"},{"system":"http://fhir.de/CodeSystem/deuev/anlage-8-laenderkennzeichen","version":"8.00","code":"IO","display":"Britisches Territorium im Indischen Ozean"},{"system":"http://fhir.de/CodeSystem/deuev/anlage-8-laenderkennzeichen","version":"8.00","code":"BRU","display":"Brunei Darussalam"},{"system":"http://fhir.de/CodeSystem/deuev/anlage-8-laenderkennzeichen","version":"8.00","code":"BG","display":"Bulgarien"},{"system":"http://fhir.de/CodeSystem/deuev/anlage-8-laenderkennzeichen","version":"8.00","code":"HV","display":"Burkina Faso"},{"system":"http://fhir.de/CodeSystem/deuev/anlage-8-laenderkennzeichen","version":"8.00","code":"RU","display":"Burundi"},{"system":"http://fhir.de/CodeSystem/deuev/anlage-8-laenderkennzeichen","version":"8.00","code":"RCH","display":"Chile"},{"system":"http://fhir.de/CodeSystem/deuev/anlage-8-laenderkennzeichen","version":"8.00","code":"CP","display":"Clipperton"},{"system":"http://fhir.de/CodeSystem/deuev/anlage-8-laenderkennzeichen","version":"8.00","code":"COI","display":"Cookinseln"},{"system":"http://fhir.de/CodeSystem/deuev/anlage-8-laenderkennzeichen","version":"8.00","code":"CR","display":"Costa Rica"},{"system":"http://fhir.de/CodeSystem/deuev/anlage-8-laenderkennzeichen","version":"8.00","code":"CI","display":"Cote d`Ivoire"},{"system":"http://fhir.de/CodeSystem/deuev/anlage-8-laenderkennzeichen","version":"8.00","code":"CW","display":"Curaçao"},{"system":"http://fhir.de/CodeSystem/deuev/anlage-8-laenderkennzeichen","version":"8.00","code":"DK","display":"Dänemark"},{"system":"http://fhir.de/CodeSystem/deuev/anlage-8-laenderkennzeichen","version":"8.00","code":"D","display":"Deutschland"},{"system":"http://fhir.de/CodeSystem/deuev/anlage-8-laenderkennzeichen","version":"8.00","code":"WD","display":"Dominica"},{"system":"http://fhir.de/CodeSystem/deuev/anlage-8-laenderkennzeichen","version":"8.00","code":"DOM","display":"Dominikanische Republik"},{"system":"http://fhir.de/CodeSystem/deuev/anlage-8-laenderkennzeichen","version":"8.00","code":"DSC","display":"Dschibuti"},{"system":"http://fhir.de/CodeSystem/deuev/anlage-8-laenderkennzeichen","version":"8.00","code":"EC","display":"Ecuador"},{"system":"http://fhir.de/CodeSystem/deuev/anlage-8-laenderkennzeichen","version":"8.00","code":"ES","display":"El Salvador"},{"system":"http://fhir.de/CodeSystem/deuev/anlage-8-laenderkennzeichen","version":"8.00","code":"ERI","display":"Eritrea"},{"system":"http://fhir.de/CodeSystem/deuev/anlage-8-laenderkennzeichen","version":"8.00","code":"EST","display":"Estland"},{"system":"http://fhir.de/CodeSystem/deuev/anlage-8-laenderkennzeichen","version":"8.00","code":"SWZ","display":"Eswatini"},{"system":"http://fhir.de/CodeSystem/deuev/anlage-8-laenderkennzeichen","version":"8.00","code":"FAL","display":"Falklandinseln"},{"system":"http://fhir.de/CodeSystem/deuev/anlage-8-laenderkennzeichen","version":"8.00","code":"FR","display":"Färöer"},{"system":"http://fhir.de/CodeSystem/deuev/anlage-8-laenderkennzeichen","version":"8.00","code":"FJI","display":"Fidschi"},{"system":"http://fhir.de/CodeSystem/deuev/anlage-8-laenderkennzeichen","version":"8.00","code":"FIN","display":"Finnland"},{"system":"http://fhir.de/CodeSystem/deuev/anlage-8-laenderkennzeichen","version":"8.00","code":"F","display":"Frankreich"},{"system":"http://fhir.de/CodeSystem/deuev/anlage-8-laenderkennzeichen","version":"8.00","code":"TF","display":"Französische Süd- und Antarktisgebiete"},{"system":"http://fhir.de/CodeSystem/deuev/anlage-8-laenderkennzeichen","version":"8.00","code":"FG","display":"Franz.-Guayana"},{"system":"http://fhir.de/CodeSystem/deuev/anlage-8-laenderkennzeichen","version":"8.00","code":"FP","display":"Franz.-Polynesien"},{"system":"http://fhir.de/CodeSystem/deuev/anlage-8-laenderkennzeichen","version":"8.00","code":"GAB","display":"Gabun"},{"system":"http://fhir.de/CodeSystem/deuev/anlage-8-laenderkennzeichen","version":"8.00","code":"WAG","display":"Gambia"},{"system":"http://fhir.de/CodeSystem/deuev/anlage-8-laenderkennzeichen","version":"8.00","code":"GEO","display":"Georgien"},{"system":"http://fhir.de/CodeSystem/deuev/anlage-8-laenderkennzeichen","version":"8.00","code":"GH","display":"Ghana"},{"system":"http://fhir.de/CodeSystem/deuev/anlage-8-laenderkennzeichen","version":"8.00","code":"GIB","display":"Gibraltar"},{"system":"http://fhir.de/CodeSystem/deuev/anlage-8-laenderkennzeichen","version":"8.00","code":"WG","display":"Grenada"},{"system":"http://fhir.de/CodeSystem/deuev/anlage-8-laenderkennzeichen","version":"8.00","code":"GR","display":"Griechenland"},{"system":"http://fhir.de/CodeSystem/deuev/anlage-8-laenderkennzeichen","version":"8.00","code":"GRO","display":"Grönland"},{"system":"http://fhir.de/CodeSystem/deuev/anlage-8-laenderkennzeichen","version":"8.00","code":"GUA","display":"Guadeloupe"},{"system":"http://fhir.de/CodeSystem/deuev/anlage-8-laenderkennzeichen","version":"8.00","code":"GUM","display":"Guam"},{"system":"http://fhir.de/CodeSystem/deuev/anlage-8-laenderkennzeichen","version":"8.00","code":"GCA","display":"Guatemala"},{"system":"http://fhir.de/CodeSystem/deuev/anlage-8-laenderkennzeichen","version":"8.00","code":"GG","display":"Guernsey"},{"system":"http://fhir.de/CodeSystem/deuev/anlage-8-laenderkennzeichen","version":"8.00","code":"RG","display":"Guinea"},{"system":"http://fhir.de/CodeSystem/deuev/anlage-8-laenderkennzeichen","version":"8.00","code":"GUB","display":"Guinea-Bissau"},{"system":"http://fhir.de/CodeSystem/deuev/anlage-8-laenderkennzeichen","version":"8.00","code":"GUY","display":"Guyana"},{"system":"http://fhir.de/CodeSystem/deuev/anlage-8-laenderkennzeichen","version":"8.00","code":"RH","display":"Haiti"},{"system":"http://fhir.de/CodeSystem/deuev/anlage-8-laenderkennzeichen","version":"8.00","code":"HM","display":"Heard und McDonaldinseln"},{"system":"http://fhir.de/CodeSystem/deuev/anlage-8-laenderkennzeichen","version":"8.00","code":"HCA","display":"Honduras"},{"system":"http://fhir.de/CodeSystem/deuev/anlage-8-laenderkennzeichen","version":"8.00","code":"HKG","display":"Hongkong"},{"system":"http://fhir.de/CodeSystem/deuev/anlage-8-laenderkennzeichen","version":"8.00","code":"IND","display":"Indien"},{"system":"http://fhir.de/CodeSystem/deuev/anlage-8-laenderkennzeichen","version":"8.00","code":"RI","display":"Indonesien"},{"system":"http://fhir.de/CodeSystem/deuev/anlage-8-laenderkennzeichen","version":"8.00","code":"MAN","display":"Insel Man"},{"system":"http://fhir.de/CodeSystem/deuev/anlage-8-laenderkennzeichen","version":"8.00","code":"IRQ","display":"Irak"},{"system":"http://fhir.de/CodeSystem/deuev/anlage-8-laenderkennzeichen","version":"8.00","code":"IR","display":"Iran"},{"system":"http://fhir.de/CodeSystem/deuev/anlage-8-laenderkennzeichen","version":"8.00","code":"IRL","display":"Irland"},{"system":"http://fhir.de/CodeSystem/deuev/anlage-8-laenderkennzeichen","version":"8.00","code":"IS","display":"Island"},{"system":"http://fhir.de/CodeSystem/deuev/anlage-8-laenderkennzeichen","version":"8.00","code":"IL","display":"Israel"},{"system":"http://fhir.de/CodeSystem/deuev/anlage-8-laenderkennzeichen","version":"8.00","code":"I","display":"Italien"},{"system":"http://fhir.de/CodeSystem/deuev/anlage-8-laenderkennzeichen","version":"8.00","code":"JA","display":"Jamaika"},{"system":"http://fhir.de/CodeSystem/deuev/anlage-8-laenderkennzeichen","version":"8.00","code":"J","display":"Japan"},{"system":"http://fhir.de/CodeSystem/deuev/anlage-8-laenderkennzeichen","version":"8.00","code":"YEM","display":"Jemen"},{"system":"http://fhir.de/CodeSystem/deuev/anlage-8-laenderkennzeichen","version":"8.00","code":"JE","display":"Jersey"},{"system":"http://fhir.de/CodeSystem/deuev/anlage-8-laenderkennzeichen","version":"8.00","code":"JOR","display":"Jordanien"},{"system":"http://fhir.de/CodeSystem/deuev/anlage-8-laenderkennzeichen","version":"8.00","code":"YU","display":"Jugoslawien"},{"system":"http://fhir.de/CodeSystem/deuev/anlage-8-laenderkennzeichen","version":"8.00","code":"KAI","display":"Kaimaninseln"},{"system":"http://fhir.de/CodeSystem/deuev/anlage-8-laenderkennzeichen","version":"8.00","code":"K","display":"Kambodscha"},{"system":"http://fhir.de/CodeSystem/deuev/anlage-8-laenderkennzeichen","version":"8.00","code":"CAM","display":"Kamerun"},{"system":"http://fhir.de/CodeSystem/deuev/anlage-8-laenderkennzeichen","version":"8.00","code":"CDN","display":"Kanada"},{"system":"http://fhir.de/CodeSystem/deuev/anlage-8-laenderkennzeichen","version":"8.00","code":"KAN","display":"Kanalinseln"},{"system":"http://fhir.de/CodeSystem/deuev/anlage-8-laenderkennzeichen","version":"8.00","code":"CV","display":"Cabo Verde"},{"system":"http://fhir.de/CodeSystem/deuev/anlage-8-laenderkennzeichen","version":"8.00","code":"KAS","display":"Kasachstan"},{"system":"http://fhir.de/CodeSystem/deuev/anlage-8-laenderkennzeichen","version":"8.00","code":"QAT","display":"Katar"},{"system":"http://fhir.de/CodeSystem/deuev/anlage-8-laenderkennzeichen","version":"8.00","code":"EAK","display":"Kenia"},{"system":"http://fhir.de/CodeSystem/deuev/anlage-8-laenderkennzeichen","version":"8.00","code":"KIS","display":"Kirgisistan"},{"system":"http://fhir.de/CodeSystem/deuev/anlage-8-laenderkennzeichen","version":"8.00","code":"KIB","display":"Kiribati"},{"system":"http://fhir.de/CodeSystem/deuev/anlage-8-laenderkennzeichen","version":"8.00","code":"CC","display":"Kokosinseln"},{"system":"http://fhir.de/CodeSystem/deuev/anlage-8-laenderkennzeichen","version":"8.00","code":"CO","display":"Kolumbien"},{"system":"http://fhir.de/CodeSystem/deuev/anlage-8-laenderkennzeichen","version":"8.00","code":"KOM","display":"Komoren"},{"system":"http://fhir.de/CodeSystem/deuev/anlage-8-laenderkennzeichen","version":"8.00","code":"RCB","display":"Kongo(-Brazzaville), Republik"},{"system":"http://fhir.de/CodeSystem/deuev/anlage-8-laenderkennzeichen","version":"8.00","code":"ZRE","display":"Kongo, Demokratische Republik (ehem. Zaire)"},{"system":"http://fhir.de/CodeSystem/deuev/anlage-8-laenderkennzeichen","version":"8.00","code":"KOR","display":"Korea, Demokratische Volksrepublik (Nordkorea)"},{"system":"http://fhir.de/CodeSystem/deuev/anlage-8-laenderkennzeichen","version":"8.00","code":"ROK","display":"Korea, Republik (Südkorea)"},{"system":"http://fhir.de/CodeSystem/deuev/anlage-8-laenderkennzeichen","version":"8.00","code":"KOS","display":"Kosovo"},{"system":"http://fhir.de/CodeSystem/deuev/anlage-8-laenderkennzeichen","version":"8.00","code":"HR","display":"Kroatien"},{"system":"http://fhir.de/CodeSystem/deuev/anlage-8-laenderkennzeichen","version":"8.00","code":"C","display":"Kuba"},{"system":"http://fhir.de/CodeSystem/deuev/anlage-8-laenderkennzeichen","version":"8.00","code":"KWT","display":"Kuwait"},{"system":"http://fhir.de/CodeSystem/deuev/anlage-8-laenderkennzeichen","version":"8.00","code":"LAO","display":"Laos"},{"system":"http://fhir.de/CodeSystem/deuev/anlage-8-laenderkennzeichen","version":"8.00","code":"LS","display":"Lesotho"},{"system":"http://fhir.de/CodeSystem/deuev/anlage-8-laenderkennzeichen","version":"8.00","code":"LV","display":"Lettland"},{"system":"http://fhir.de/CodeSystem/deuev/anlage-8-laenderkennzeichen","version":"8.00","code":"RL","display":"Libanon"},{"system":"http://fhir.de/CodeSystem/deuev/anlage-8-laenderkennzeichen","version":"8.00","code":"LB","display":"Liberia"},{"system":"http://fhir.de/CodeSystem/deuev/anlage-8-laenderkennzeichen","version":"8.00","code":"LAR","display":"Libyen"},{"system":"http://fhir.de/CodeSystem/deuev/anlage-8-laenderkennzeichen","version":"8.00","code":"FL","display":"Liechtenstein"},{"system":"http://fhir.de/CodeSystem/deuev/anlage-8-laenderkennzeichen","version":"8.00","code":"LT","display":"Litauen"},{"system":"http://fhir.de/CodeSystem/deuev/anlage-8-laenderkennzeichen","version":"8.00","code":"L","display":"Luxemburg"},{"system":"http://fhir.de/CodeSystem/deuev/anlage-8-laenderkennzeichen","version":"8.00","code":"MAC","display":"Macau"},{"system":"http://fhir.de/CodeSystem/deuev/anlage-8-laenderkennzeichen","version":"8.00","code":"RM","display":"Madagaskar"},{"system":"http://fhir.de/CodeSystem/deuev/anlage-8-laenderkennzeichen","version":"8.00","code":"MW","display":"Malawi"},{"system":"http://fhir.de/CodeSystem/deuev/anlage-8-laenderkennzeichen","version":"8.00","code":"MAL","display":"Malaysia"},{"system":"http://fhir.de/CodeSystem/deuev/anlage-8-laenderkennzeichen","version":"8.00","code":"BIO","display":"Malediven"},{"system":"http://fhir.de/CodeSystem/deuev/anlage-8-laenderkennzeichen","version":"8.00","code":"RMM","display":"Mali"},{"system":"http://fhir.de/CodeSystem/deuev/anlage-8-laenderkennzeichen","version":"8.00","code":"M","display":"Malta"},{"system":"http://fhir.de/CodeSystem/deuev/anlage-8-laenderkennzeichen","version":"8.00","code":"MA","display":"Marokko"},{"system":"http://fhir.de/CodeSystem/deuev/anlage-8-laenderkennzeichen","version":"8.00","code":"MAR","display":"Marshallinseln"},{"system":"http://fhir.de/CodeSystem/deuev/anlage-8-laenderkennzeichen","version":"8.00","code":"MAT","display":"Martinique"},{"system":"http://fhir.de/CodeSystem/deuev/anlage-8-laenderkennzeichen","version":"8.00","code":"RIM","display":"Mauretanien"},{"system":"http://fhir.de/CodeSystem/deuev/anlage-8-laenderkennzeichen","version":"8.00","code":"MS","display":"Mauritius"},{"system":"http://fhir.de/CodeSystem/deuev/anlage-8-laenderkennzeichen","version":"8.00","code":"MAY","display":"Mayotte"},{"system":"http://fhir.de/CodeSystem/deuev/anlage-8-laenderkennzeichen","version":"8.00","code":"MEX","display":"Mexiko"},{"system":"http://fhir.de/CodeSystem/deuev/anlage-8-laenderkennzeichen","version":"8.00","code":"MIK","display":"Mikronesien"},{"system":"http://fhir.de/CodeSystem/deuev/anlage-8-laenderkennzeichen","version":"8.00","code":"MD","display":"Moldau"},{"system":"http://fhir.de/CodeSystem/deuev/anlage-8-laenderkennzeichen","version":"8.00","code":"MC","display":"Monaco"},{"system":"http://fhir.de/CodeSystem/deuev/anlage-8-laenderkennzeichen","version":"8.00","code":"MON","display":"Mongolei"},{"system":"http://fhir.de/CodeSystem/deuev/anlage-8-laenderkennzeichen","version":"8.00","code":"MNE","display":"Montenegro"},{"system":"http://fhir.de/CodeSystem/deuev/anlage-8-laenderkennzeichen","version":"8.00","code":"MOT","display":"Montserrat"},{"system":"http://fhir.de/CodeSystem/deuev/anlage-8-laenderkennzeichen","version":"8.00","code":"MOZ","display":"Mosambik"},{"system":"http://fhir.de/CodeSystem/deuev/anlage-8-laenderkennzeichen","version":"8.00","code":"MYA","display":"Myanmar"},{"system":"http://fhir.de/CodeSystem/deuev/anlage-8-laenderkennzeichen","version":"8.00","code":"SWA","display":"Namibia"},{"system":"http://fhir.de/CodeSystem/deuev/anlage-8-laenderkennzeichen","version":"8.00","code":"NAU","display":"Nauru"},{"system":"http://fhir.de/CodeSystem/deuev/anlage-8-laenderkennzeichen","version":"8.00","code":"UM","display":"Navassa","designation":[{"language":"de","value":"Kleinere Amerikanische Überseeinseln"}]},{"system":"http://fhir.de/CodeSystem/deuev/anlage-8-laenderkennzeichen","version":"8.00","code":"NEP","display":"Nepal"},{"system":"http://fhir.de/CodeSystem/deuev/anlage-8-laenderkennzeichen","version":"8.00","code":"NKA","display":"Neukaledonien"},{"system":"http://fhir.de/CodeSystem/deuev/anlage-8-laenderkennzeichen","version":"8.00","code":"NZ","display":"Neuseeland"},{"system":"http://fhir.de/CodeSystem/deuev/anlage-8-laenderkennzeichen","version":"8.00","code":"NIC","display":"Nicaragua"},{"system":"http://fhir.de/CodeSystem/deuev/anlage-8-laenderkennzeichen","version":"8.00","code":"NL","display":"Niederlande"},{"system":"http://fhir.de/CodeSystem/deuev/anlage-8-laenderkennzeichen","version":"8.00","code":"NLA","display":"Niederländische Antillen"},{"system":"http://fhir.de/CodeSystem/deuev/anlage-8-laenderkennzeichen","version":"8.00","code":"RN","display":"Niger"},{"system":"http://fhir.de/CodeSystem/deuev/anlage-8-laenderkennzeichen","version":"8.00","code":"WAN","display":"Nigeria"},{"system":"http://fhir.de/CodeSystem/deuev/anlage-8-laenderkennzeichen","version":"8.00","code":"NIU","display":"Niue"},{"system":"http://fhir.de/CodeSystem/deuev/anlage-8-laenderkennzeichen","version":"8.00","code":"MK","display":"Nordmazedonien"},{"system":"http://fhir.de/CodeSystem/deuev/anlage-8-laenderkennzeichen","version":"8.00","code":"NMA","display":"Nördliche Marianen"},{"system":"http://fhir.de/CodeSystem/deuev/anlage-8-laenderkennzeichen","version":"8.00","code":"NF","display":"Norfolkinsel"},{"system":"http://fhir.de/CodeSystem/deuev/anlage-8-laenderkennzeichen","version":"8.00","code":"N","display":"Norwegen"},{"system":"http://fhir.de/CodeSystem/deuev/anlage-8-laenderkennzeichen","version":"8.00","code":"MAO","display":"Oman"},{"system":"http://fhir.de/CodeSystem/deuev/anlage-8-laenderkennzeichen","version":"8.00","code":"A","display":"Österreich"},{"system":"http://fhir.de/CodeSystem/deuev/anlage-8-laenderkennzeichen","version":"8.00","code":"PK","display":"Pakistan"},{"system":"http://fhir.de/CodeSystem/deuev/anlage-8-laenderkennzeichen","version":"8.00","code":"PSE","display":"Palästinensische Gebiete"},{"system":"http://fhir.de/CodeSystem/deuev/anlage-8-laenderkennzeichen","version":"8.00","code":"PAL","display":"Palau"},{"system":"http://fhir.de/CodeSystem/deuev/anlage-8-laenderkennzeichen","version":"8.00","code":"PA","display":"Panama"},{"system":"http://fhir.de/CodeSystem/deuev/anlage-8-laenderkennzeichen","version":"8.00","code":"PNG","display":"Papua-Neugiunea"},{"system":"http://fhir.de/CodeSystem/deuev/anlage-8-laenderkennzeichen","version":"8.00","code":"PY","display":"Paraguay"},{"system":"http://fhir.de/CodeSystem/deuev/anlage-8-laenderkennzeichen","version":"8.00","code":"PIN","display":"Pazifische Inseln (Marianen- und Karolineninseln)"},{"system":"http://fhir.de/CodeSystem/deuev/anlage-8-laenderkennzeichen","version":"8.00","code":"PE","display":"Peru"},{"system":"http://fhir.de/CodeSystem/deuev/anlage-8-laenderkennzeichen","version":"8.00","code":"RP","display":"Philippinen"},{"system":"http://fhir.de/CodeSystem/deuev/anlage-8-laenderkennzeichen","version":"8.00","code":"PIT","display":"Pitcairninseln"},{"system":"http://fhir.de/CodeSystem/deuev/anlage-8-laenderkennzeichen","version":"8.00","code":"PL","display":"Polen"},{"system":"http://fhir.de/CodeSystem/deuev/anlage-8-laenderkennzeichen","version":"8.00","code":"P","display":"Portugal"},{"system":"http://fhir.de/CodeSystem/deuev/anlage-8-laenderkennzeichen","version":"8.00","code":"PRI","display":"Puerto Rico"},{"system":"http://fhir.de/CodeSystem/deuev/anlage-8-laenderkennzeichen","version":"8.00","code":"REU","display":"Réunion"},{"system":"http://fhir.de/CodeSystem/deuev/anlage-8-laenderkennzeichen","version":"8.00","code":"RWA","display":"Ruanda"},{"system":"http://fhir.de/CodeSystem/deuev/anlage-8-laenderkennzeichen","version":"8.00","code":"RO","display":"Rumänien"},{"system":"http://fhir.de/CodeSystem/deuev/anlage-8-laenderkennzeichen","version":"8.00","code":"RUS","display":"Russische Föderation"},{"system":"http://fhir.de/CodeSystem/deuev/anlage-8-laenderkennzeichen","version":"8.00","code":"PIE","display":"Saint Pierre und Miquelon"},{"system":"http://fhir.de/CodeSystem/deuev/anlage-8-laenderkennzeichen","version":"8.00","code":"SOL","display":"Salomonen"},{"system":"http://fhir.de/CodeSystem/deuev/anlage-8-laenderkennzeichen","version":"8.00","code":"Z","display":"Sambia"},{"system":"http://fhir.de/CodeSystem/deuev/anlage-8-laenderkennzeichen","version":"8.00","code":"WS","display":"Samoa"},{"system":"http://fhir.de/CodeSystem/deuev/anlage-8-laenderkennzeichen","version":"8.00","code":"RSM","display":"San Marino"},{"system":"http://fhir.de/CodeSystem/deuev/anlage-8-laenderkennzeichen","version":"8.00","code":"STP","display":"Sao Tomé und Principe"},{"system":"http://fhir.de/CodeSystem/deuev/anlage-8-laenderkennzeichen","version":"8.00","code":"SAU","display":"Saudi-Arabien"},{"system":"http://fhir.de/CodeSystem/deuev/anlage-8-laenderkennzeichen","version":"8.00","code":"S","display":"Schweden"},{"system":"http://fhir.de/CodeSystem/deuev/anlage-8-laenderkennzeichen","version":"8.00","code":"CH","display":"Schweiz"},{"system":"http://fhir.de/CodeSystem/deuev/anlage-8-laenderkennzeichen","version":"8.00","code":"SN","display":"Senegal"},{"system":"http://fhir.de/CodeSystem/deuev/anlage-8-laenderkennzeichen","version":"8.00","code":"SRB","display":"Serbien"},{"system":"http://fhir.de/CodeSystem/deuev/anlage-8-laenderkennzeichen","version":"8.00","code":"SCG","display":"Serbien und Montenegro"},{"system":"http://fhir.de/CodeSystem/deuev/anlage-8-laenderkennzeichen","version":"8.00","code":"SY","display":"Seychellen"},{"system":"http://fhir.de/CodeSystem/deuev/anlage-8-laenderkennzeichen","version":"8.00","code":"WAL","display":"Sierra Leone"},{"system":"http://fhir.de/CodeSystem/deuev/anlage-8-laenderkennzeichen","version":"8.00","code":"ZW","display":"Simbabwe"},{"system":"http://fhir.de/CodeSystem/deuev/anlage-8-laenderkennzeichen","version":"8.00","code":"SGP","display":"Singapur"},{"system":"http://fhir.de/CodeSystem/deuev/anlage-8-laenderkennzeichen","version":"8.00","code":"SK","display":"Slowakei"},{"system":"http://fhir.de/CodeSystem/deuev/anlage-8-laenderkennzeichen","version":"8.00","code":"SLO","display":"Slowenien"},{"system":"http://fhir.de/CodeSystem/deuev/anlage-8-laenderkennzeichen","version":"8.00","code":"SP","display":"Somalia"},{"system":"http://fhir.de/CodeSystem/deuev/anlage-8-laenderkennzeichen","version":"8.00","code":"E","display":"Spanien","designation":[{"language":"de","value":"Spanische Hoheitsplätze in Nordafrika"},{"language":"de","value":"Ceuta"},{"language":"de","value":"Melilla"}]},{"system":"http://fhir.de/CodeSystem/deuev/anlage-8-laenderkennzeichen","version":"8.00","code":"CL","display":"Sri Lanka"},{"system":"http://fhir.de/CodeSystem/deuev/anlage-8-laenderkennzeichen","version":"8.00","code":"BL","display":"St. Barthélemy"},{"system":"http://fhir.de/CodeSystem/deuev/anlage-8-laenderkennzeichen","version":"8.00","code":"SCN","display":"St. Kitts und Nevis"},{"system":"http://fhir.de/CodeSystem/deuev/anlage-8-laenderkennzeichen","version":"8.00","code":"WL","display":"St. Lucia"},{"system":"http://fhir.de/CodeSystem/deuev/anlage-8-laenderkennzeichen","version":"8.00","code":"MF","display":"St. Martin (französischer Teil)"},{"system":"http://fhir.de/CodeSystem/deuev/anlage-8-laenderkennzeichen","version":"8.00","code":"SX","display":"St. Martin (niederländischer Teil)"},{"system":"http://fhir.de/CodeSystem/deuev/anlage-8-laenderkennzeichen","version":"8.00","code":"WV","display":"St. Vincent und die Grenadinen"},{"system":"http://fhir.de/CodeSystem/deuev/anlage-8-laenderkennzeichen","version":"8.00","code":"ZA","display":"Südafrika"},{"system":"http://fhir.de/CodeSystem/deuev/anlage-8-laenderkennzeichen","version":"8.00","code":"SUD","display":"Sudan"},{"system":"http://fhir.de/CodeSystem/deuev/anlage-8-laenderkennzeichen","version":"8.00","code":"SDN","display":"Sudan"},{"system":"http://fhir.de/CodeSystem/deuev/anlage-8-laenderkennzeichen","version":"8.00","code":"GS","display":"Südgeorgien und die südlichen Sandwichinseln"},{"system":"http://fhir.de/CodeSystem/deuev/anlage-8-laenderkennzeichen","version":"8.00","code":"SSD","display":"Südsudan"},{"system":"http://fhir.de/CodeSystem/deuev/anlage-8-laenderkennzeichen","version":"8.00","code":"SME","display":"Suriname"},{"system":"http://fhir.de/CodeSystem/deuev/anlage-8-laenderkennzeichen","version":"8.00","code":"SD","display":"Swasiland"},{"system":"http://fhir.de/CodeSystem/deuev/anlage-8-laenderkennzeichen","version":"8.00","code":"SJ","display":"Svalbard und Jan Mayen"},{"system":"http://fhir.de/CodeSystem/deuev/anlage-8-laenderkennzeichen","version":"8.00","code":"SYR","display":"Syrien"},{"system":"http://fhir.de/CodeSystem/deuev/anlage-8-laenderkennzeichen","version":"8.00","code":"TAD","display":"Tadschikistan"},{"system":"http://fhir.de/CodeSystem/deuev/anlage-8-laenderkennzeichen","version":"8.00","code":"TWN","display":"Taiwan"},{"system":"http://fhir.de/CodeSystem/deuev/anlage-8-laenderkennzeichen","version":"8.00","code":"EAT","display":"Tansania"},{"system":"http://fhir.de/CodeSystem/deuev/anlage-8-laenderkennzeichen","version":"8.00","code":"T","display":"Thailand"},{"system":"http://fhir.de/CodeSystem/deuev/anlage-8-laenderkennzeichen","version":"8.00","code":"TJ","display":"China","designation":[{"language":"de","value":"Tibet"}]},{"system":"http://fhir.de/CodeSystem/deuev/anlage-8-laenderkennzeichen","version":"8.00","code":"OTI","display":"Timor-Leste"},{"system":"http://fhir.de/CodeSystem/deuev/anlage-8-laenderkennzeichen","version":"8.00","code":"TG","display":"Togo"},{"system":"http://fhir.de/CodeSystem/deuev/anlage-8-laenderkennzeichen","version":"8.00","code":"TOK","display":"Tokelau"},{"system":"http://fhir.de/CodeSystem/deuev/anlage-8-laenderkennzeichen","version":"8.00","code":"TON","display":"Tonga"},{"system":"http://fhir.de/CodeSystem/deuev/anlage-8-laenderkennzeichen","version":"8.00","code":"TT","display":"Trinidad und Tobago"},{"system":"http://fhir.de/CodeSystem/deuev/anlage-8-laenderkennzeichen","version":"8.00","code":"CHD","display":"Tschad"},{"system":"http://fhir.de/CodeSystem/deuev/anlage-8-laenderkennzeichen","version":"8.00","code":"CZ","display":"Tschechien"},{"system":"http://fhir.de/CodeSystem/deuev/anlage-8-laenderkennzeichen","version":"8.00","code":"TN","display":"Tunesien"},{"system":"http://fhir.de/CodeSystem/deuev/anlage-8-laenderkennzeichen","version":"8.00","code":"TR","display":"Türkei"},{"system":"http://fhir.de/CodeSystem/deuev/anlage-8-laenderkennzeichen","version":"8.00","code":"TUR","display":"Turkmenistan"},{"system":"http://fhir.de/CodeSystem/deuev/anlage-8-laenderkennzeichen","version":"8.00","code":"TUC","display":"Turks- und Caicosinseln"},{"system":"http://fhir.de/CodeSystem/deuev/anlage-8-laenderkennzeichen","version":"8.00","code":"TUV","display":"Tuvalu"},{"system":"http://fhir.de/CodeSystem/deuev/anlage-8-laenderkennzeichen","version":"8.00","code":"EAU","display":"Uganda"},{"system":"http://fhir.de/CodeSystem/deuev/anlage-8-laenderkennzeichen","version":"8.00","code":"UA","display":"Ukraine"},{"system":"http://fhir.de/CodeSystem/deuev/anlage-8-laenderkennzeichen","version":"8.00","code":"H","display":"Ungarn"},{"system":"http://fhir.de/CodeSystem/deuev/anlage-8-laenderkennzeichen","version":"8.00","code":"ROU","display":"Uruguay"},{"system":"http://fhir.de/CodeSystem/deuev/anlage-8-laenderkennzeichen","version":"8.00","code":"USB","display":"Usbekistan"},{"system":"http://fhir.de/CodeSystem/deuev/anlage-8-laenderkennzeichen","version":"8.00","code":"VAN","display":"Vanuatu"},{"system":"http://fhir.de/CodeSystem/deuev/anlage-8-laenderkennzeichen","version":"8.00","code":"V","display":"Vatikanstadt"},{"system":"http://fhir.de/CodeSystem/deuev/anlage-8-laenderkennzeichen","version":"8.00","code":"YV","display":"Venezuela"},{"system":"http://fhir.de/CodeSystem/deuev/anlage-8-laenderkennzeichen","version":"8.00","code":"UAE","display":"Vereinigte Arabische Emirate"},{"system":"http://fhir.de/CodeSystem/deuev/anlage-8-laenderkennzeichen","version":"8.00","code":"USA","display":"Vereinigte Staaten"},{"system":"http://fhir.de/CodeSystem/deuev/anlage-8-laenderkennzeichen","version":"8.00","code":"GB","display":"Vereinigtes Königreich","designation":[{"language":"de","value":"Akrotiri und Dhekelia"}]},{"system":"http://fhir.de/CodeSystem/deuev/anlage-8-laenderkennzeichen","version":"8.00","code":"VN","display":"Vietnam"},{"system":"http://fhir.de/CodeSystem/deuev/anlage-8-laenderkennzeichen","version":"8.00","code":"WF","display":"Wallis und Futuna"},{"system":"http://fhir.de/CodeSystem/deuev/anlage-8-laenderkennzeichen","version":"8.00","code":"CX","display":"Weihnachtsinsel"},{"system":"http://fhir.de/CodeSystem/deuev/anlage-8-laenderkennzeichen","version":"8.00","code":"EH","display":"Westsahara"},{"system":"http://fhir.de/CodeSystem/deuev/anlage-8-laenderkennzeichen","version":"8.00","code":"RCA","display":"Zentralafrikanische Republik"},{"system":"http://fhir.de/CodeSystem/deuev/anlage-8-laenderkennzeichen","version":"8.00","code":"CY","display":"Zypern"}]}}